icd_code,ED,IPD
H538,322,763
H532,183,654
H539,73,135
H109,42,325
H05019,33,23
H5713,31,63
H548,19,1132
H1133,18,91
H4920,16,95
H469,16,81
H05011,15,13
H4900,14,59
H578,14,95
H02402,13,90
H5712,12,31
H4710,12,32
H3400,12,21
H02409,12,158
H05012,10,11
H3412,10,17
H53129,10,29
H5460,9,52
H5711,8,28
H540,8,285
H53122,8,10
H3411,8,19
H0520,8,61
H5704,7,45
H5500,7,184
H409,7,4937
H209,6,62
H5461,6,94
H00039,6,13
H468,6,33
H5340,6,94
H4902,5,40
H547,5,239
H40052,5,14
H0589,4,20
H543,4,54
H40009,4,15
H53469,4,232
H40051,4,8
H5509,4,90
H02401,4,69
H5702,4,229
H349,4,49
H4711,3,16
H53461,3,107
H5120,3,8
H4921,3,37
H53123,3,7
H1131,3,43
H4901,3,31
H4313,3,27
H1132,3,46
H5462,3,106
H40219,2,14
H34231,2,6
H16001,2,9
H4720,2,17
H4610,2,2
H4940,2,2
H04129,2,197
H53419,2,3
H5010,2,39
H4903,2,5
H34232,2,10
H5347,2,79
H53121,2,6
H16002,2,5
H43819,2,35
H2000,2,2
H3413,2,10
H4922,2,42
H1089,2,52
H49819,1,41
H0289,1,7
H00019,1,7
H168,1,12
H3093,1,20
H5703,1,17
H4010X4,1,90
H44119,1,1
H3509,1,6
H05229,1,18
H4020X4,1,20
H169,1,18
H27119,1,1
H579,1,23
H11429,1,20
H34239,1,7
H5310,1,2
H3500,1,76
H3530,1,1192
H53489,1,3
H479,1,2
H04419,1,2
H16009,1,18
H019,1,3
H2103,1,2
H02209,1,7
H338,1,6
H4312,1,12
H01004,1,1
H00015,1,5
H0011,1,1
H11423,1,1
H01006,1,11
H47021,1,0
H35033,1,7
H47092,1,2
H269,1,1023
H05231,1,2
H5122,1,3
H53462,1,127
H53451,1,21
H40211,1,3
H40212,1,2
H11422,1,3
H59021,1,0
H44812,1,0
H10212,1,0
H15011,1,0
H4612,1,1
H05121,1,0
H1033,1,17
H53452,1,22
H3323,1,3
H00016,1,6
H53132,1,2
H04302,1,1
H16003,1,2
H518,1,48
H44112,1,3
H49882,1,1
H05022,1,1
H44001,1,5
H5440,0,382
H53149,0,152
H4010X0,0,106
H5441,0,98
H5442,0,97
H04123,0,80
H4089,0,61
H35039,0,57
H4011X4,0,48
H40059,0,46
H3531,0,40
H01009,0,37
H3320,0,36
H43399,0,31
H510,0,30
H524,0,29
H2510,0,29
H42,0,29
H3560,0,28
H3532,0,26
H401190,0,25
H3552,0,24
H47019,0,24
H5000,0,23
H519,0,22
H4020X0,0,22
H4311,0,22
H53009,0,21
H53459,0,20
H47619,0,20
H02403,0,20
H4910,0,18
H353290,0,18
H509,0,17
H268,0,17
H401130,0,17
H5410,0,17
H15109,0,16
H1840,0,16
H2513,0,14
H5213,0,14
H189,0,13
H5501,0,12
H47099,0,12
H353190,0,11
H4011X0,0,11
H52209,0,11
H01003,0,11
H34819,0,11
H3581,0,11
H35369,0,11
H5450,0,10
H5052,0,10
H04122,0,10
H1851,0,10
H4923,0,10
H11419,0,10
H5412,0,9
H5210,0,9
H44009,0,9
H35719,0,9
H15099,0,9
H25019,0,9
H5589,0,9
H3322,0,9
H359,0,8
H5050,0,8
H401290,0,8
H02849,0,8
H33059,0,8
H542,0,8
H1045,0,8
H3090,0,8
H40053,0,8
H5089,0,7
H259,0,7
H3561,0,7
H43392,0,7
H401490,0,7
H4912,0,7
H05221,0,7
H35349,0,6
H11009,0,6
H3321,0,6
H36,0,6
H5022,0,6
H3589,0,6
H43813,0,6
H5319,0,6
H3401,0,6
H16219,0,6
H35379,0,6
H47013,0,6
H4310,0,6
H1130,0,6
H43812,0,6
H53002,0,6
H401134,0,6
H43393,0,6
H3563,0,6
H05223,0,6
H16129,0,6
H50112,0,5
H5789,0,5
H10509,0,5
H04121,0,5
H5203,0,5
H35069,0,5
H353110,0,5
H4389,0,5
H05232,0,5
H353130,0,5
H53453,0,5
H53139,0,5
H2013,0,5
H18609,0,5
H5581,0,5
H3553,0,5
H353120,0,5
H30899,0,5
H44002,0,5
H53039,0,5
H348192,0,5
H348112,0,5
H00011,0,5
H44819,0,5
H43811,0,5
H3562,0,5
H1189,0,5
H1820,0,5
H5710,0,5
H3402,0,5
H35109,0,5
H5051,0,5
H02429,0,5
H4010X2,0,4
H02102,0,4
H1850,0,4
H2630,0,4
H5111,0,4
H318,0,4
H25013,0,4
H02432,0,4
H15101,0,4
H18419,0,4
H05222,0,4
H02439,0,4
H5411,0,4
H02846,0,4
H5200,0,4
H00034,0,4
H353220,0,4
H44522,0,4
H15002,0,4
H10503,0,4
H1013,0,4
H10029,0,4
H16039,0,4
H53142,0,4
H4010X3,0,4
H5021,0,4
H15102,0,4
H5350,0,4
H353230,0,4
H4749,0,3
H219,0,3
H47339,0,3
H16429,0,3
H2703,0,3
H5334,0,3
H4423,0,3
H401120,0,3
H35361,0,3
H5040,0,3
H3523,0,3
H3540,0,3
H44003,0,3
H05239,0,3
H11421,0,3
H31009,0,3
H2101,0,3
H00033,0,3
H47612,0,3
H1010,0,3
H02109,0,3
H15092,0,3
H47329,0,3
H5315,0,3
H2589,0,3
H2189,0,3
H02106,0,3
H401132,0,3
H119,0,3
H1813,0,3
H18429,0,3
H527,0,3
H02839,0,3
H33109,0,3
H029,0,3
H499,0,3
H401131,0,3
H20049,0,3
H47011,0,3
H348122,0,3
H5069,0,3
H5359,0,3
H526,0,3
H02431,0,3
H43391,0,3
H02009,0,3
H18899,0,3
H179,0,3
H11002,0,3
H02841,0,3
H53483,0,3
H5112,0,3
H02206,0,3
H34811,0,2
H401192,0,2
H18839,0,2
H1032,0,2
H348392,0,2
H10021,0,2
H2633,0,2
H53141,0,2
H35359,0,2
H2100,0,2
H40023,0,2
H4011X2,0,2
H53431,0,2
H4419,0,2
H2010,0,2
H1859,0,2
H4741,0,2
H53411,0,2
H401230,0,2
H16072,0,2
H5989,0,2
H25049,0,2
H0019,0,2
H4420,0,2
H353210,0,2
H02105,0,2
H401390,0,2
H47012,0,2
H0236,0,2
H5371,0,2
H059,0,2
H21539,0,2
H33199,0,2
H401113,0,2
H16102,0,2
H02103,0,2
H0100A,0,2
H0260,0,2
H00036,0,2
H4911,0,2
H57059,0,2
H00014,0,2
H33312,0,2
H2700,0,2
H15001,0,2
H16209,0,2
H54413A,0,2
H0220C,0,2
H15009,0,2
H26009,0,2
H462,0,2
H5351,0,2
H1589,0,2
H33329,0,2
H53131,0,2
H1031,0,2
H4060X0,0,2
H35052,0,2
H49889,0,2
H4722,0,2
H50111,0,2
H401410,0,2
H2511,0,2
H00013,0,2
H05119,0,2
H52203,0,2
H5943,0,2
H50812,0,2
H211X9,0,2
H3582,0,2
H35711,0,2
H02419,0,2
H04209,0,2
H4932,0,2
H4032X0,0,2
H5330,0,2
H018,0,2
H33052,0,2
H5709,0,2
H31309,0,2
H4440,0,2
H35049,0,2
H4930,0,2
H211X2,0,2
H02203,0,2
H53143,0,2
H16392,0,1
H53439,0,1
H33319,0,1
H31001,0,1
H30149,0,1
H4010X1,0,1
H40003,0,1
H11003,0,1
H3410,0,1
H11821,0,1
H0233,0,1
H02433,0,1
H0012,0,1
H11439,0,1
H10229,0,1
H57813,0,1
H30891,0,1
H10501,0,1
H26049,0,1
H47091,0,1
H5316,0,1
H40039,0,1
H49881,0,1
H15849,0,1
H53001,0,1
H401221,0,1
H40019,0,1
H5201,0,1
H57812,0,1
H5005,0,1
H00025,0,1
H5015,0,1
H35063,0,1
H353131,0,1
H5502,0,1
H4320,0,1
H401313,0,1
H18423,0,1
H25813,0,1
H34813,0,1
H30143,0,1
H59011,0,1
H34812,0,1
H35371,0,1
H04009,0,1
H10419,0,1
H04033,0,1
H4943,0,1
H11001,0,1
H40001,0,1
H43829,0,1
H401133,0,1
H02829,0,1
H01002,0,1
H01001,0,1
H50811,0,1
H44113,0,1
H02836,0,1
H02833,0,1
H47399,0,1
H04039,0,1
H401110,0,1
H3342,0,1
H401430,0,1
H44019,0,1
H0263,0,1
H35419,0,1
H2640,0,1
H25041,0,1
H0266,0,1
H401194,0,1
H44012,0,1
H16079,0,1
H33009,0,1
H4713,0,1
H04559,0,1
H52201,0,1
H16031,0,1
H401212,0,1
H47239,0,1
H31401,0,1
H02101,0,1
H21549,0,1
H3341,0,1
H50012,0,1
H20059,0,1
H11069,0,1
H541151,0,1
H35373,0,1
H4323,0,1
H21561,0,1
H18892,0,1
H541131,0,1
H01149,0,1
H35413,0,1
H5053,0,1
H0100B,0,1
H00012,0,1
H02886,0,1
H02883,0,1
H35372,0,1
H04002,0,1
H02059,0,1
H47611,0,1
H35062,0,1
H1030,0,1
H05429,0,1
H50311,0,1
H01119,0,1
H47319,0,1
H21563,0,1
H279,0,1
H5442A5,0,1
H02235,0,1
H02234,0,1
H20029,0,1
H16329,0,1
H33309,0,1
H10502,0,1
H401233,0,1
H05249,0,1
H1855,0,1
H04011,0,1
H05233,0,1
H4051X3,0,1
H20051,0,1
H3554,0,1
H35041,0,1
H57052,0,1
H4322,0,1
H04203,0,1
H02204,0,1
H4020X2,0,1
H02423,0,1
H21531,0,1
H348310,0,1
H15013,0,1
H5355,0,1
H5353,0,1
H02831,0,1
H40819,0,1
H5504,0,1
H02519,0,1
H02539,0,1
H35032,0,1
H1812,0,1
H44829,0,1
H4040X0,0,1
H15823,0,1
H25033,0,1
H18422,0,1
H35019,0,1
H3121,0,1
H00026,0,1
H33102,0,1
H26219,0,1
H02844,0,1
H1849,0,1
H35021,0,1
H353121,0,1
H01113,0,1
H53133,0,1
H35031,0,1
H16203,0,1
H53481,0,1
H40033,0,1
H04001,0,1
H05111,0,1
H26229,0,1
H33012,0,1
H18421,0,1
H5442A3,0,1
H4941,0,1
H15091,0,1
H44439,0,1
H05409,0,1
H40049,0,1
H44011,0,1
H540X55,0,1
H00022,0,1
H401191,0,1
H5503,0,1
H4051X0,0,1
H2710,0,1
H10219,0,1
H31102,0,1
H35179,0,1
H16149,0,1
H05129,0,1
H02239,0,1
H01116,0,1
H53422,0,1
H0014,0,1
H53003,0,1
H33322,0,1
H47292,0,1
H16299,0,1
H10213,0,1
H16202,0,1
H4421,0,1
H47142,0,1
H3550,0,1
H04013,0,1
H52523,0,1
H02869,0,1
H04321,0,1
H16049,0,1
H4913,0,1
H05819,0,1
H35341,0,1
H3092,0,1
H44709,0,1
H4050X0,0,1
H02834,0,1
H34212,0,1
H2102,0,1
H26109,0,1
H43821,0,1
H4031X0,0,1
H10223,0,1
H16122,0,1
H01005,0,1
H33301,0,1
H04301,0,1
H34211,0,1
H53423,0,1
H18891,0,1
H31322,0,1
H401433,0,1
H59019,0,1
H4052X0,0,1
H33051,0,1
H02819,0,1
H5030,0,1
H1711,0,1
H00024,0,1
H15103,0,1
H401322,0,1
H0016,0,1
H47029,0,1
H53022,0,1
H2512,0,1
H47093,0,1
H5121,0,1
H353132,0,1
H353192,0,1
H34839,0,1
H21532,0,1
H16103,0,1
H401123,0,1
H3520,0,1
H25043,0,1
H31421,0,1
